"symbol","date","close","volume","market_cap","updated_on","mcap_method"
"ACRO.JK","2024-06-07","85","1906100","294876905472","2024-06-07 11:19:10+00","1"
"ASLI.JK","2024-06-07","50","102300","312499994624","2024-06-07 11:19:10+00","1"
"MANG.JK","2024-06-07","162","11433400","617625026560","2024-06-07 11:19:10+00","1"
"NICE.JK","2024-06-07","705","19365500","4287823872000","2024-06-07 11:19:10+00","1"
"MSJA.JK","2024-06-07","308","18711600","1811763822592","2024-06-07 11:19:10+00","1"
"MSIN.JK","2024-06-07","2970","100100","36041545220096","2024-06-07 11:19:10+00","1"
"CGAS.JK","2024-06-07","119","4751000","210800164864","2024-06-07 11:19:10+00","1"
"TLDN.JK","2024-06-07","450","50000","5825924956160","2024-06-07 11:19:10+00","1"
"DMND.JK","2024-06-07","720","1700","6817218822144","2024-06-07 11:19:10+00","1"
"CASH.JK","2024-06-07","81","497600","115921526784","2024-06-07 11:19:10+00","1"
"CBPE.JK","2024-06-07","123","20500","166818742272","2024-06-07 11:19:10+00","1"
"CBRE.JK","2024-06-07","22","561500","99837100032","2024-06-07 11:19:10+00","1"
"AIMS.JK","2024-06-07","368","45000","80959995904","2024-06-07 11:19:10+00","1"
"AMAR.JK","2024-06-07","246","374400","4455183417344","2024-06-07 11:19:10+00","1"
"LTLS.JK","2024-06-07","995","3800","1485803618304","2024-06-07 11:19:10+00","1"
"AMOR.JK","2024-06-07","785","5000","1736584724480","2024-06-07 11:19:10+00","1"
"LAJU.JK","2024-06-07","50","108200","107496996864","2024-06-07 11:19:10+00","1"
"LAPD.JK","2024-06-07","7","149000","27764451328","2024-06-07 11:19:10+00","1"
"EDGE.JK","2024-06-07","4070","13700","8222417616896","2024-06-07 11:19:10+00","1"
"BBCA.JK","2024-06-07","9325","51599800","1149539406839808","2024-06-07 11:19:10+00","1"
"PTMP.JK","2024-06-07","137","36039200","434180423680","2024-06-07 11:19:10+00","1"
"ANJT.JK","2024-06-07","670","724400","2247293927424","2024-06-07 11:19:10+00","1"
"LEAD.JK","2024-06-07","75","1879400","302530494464","2024-06-07 11:19:10+00","1"
"LUCK.JK","2024-06-07","56","48700","40082001920","2024-06-07 11:19:10+00","1"
"LUCY.JK","2024-06-07","130","104200","196920098816","2024-06-07 11:19:10+00","1"
"SONA.JK","2024-06-07","885","58200","586223976448","2024-06-07 11:19:10+00","1"
"KONI.JK","2024-06-07","1000","3800","311999987712","2024-06-07 11:19:10+00","1"
"FITT.JK","2024-06-07","278","1808200","201864134656","2024-06-07 11:19:10+00","1"
"APII.JK","2024-06-07","179","281000","192561037312","2024-06-07 11:19:10+00","1"
"NASI.JK","2024-06-07","162","37622800","130798796800","2024-06-07 11:19:10+00","1"
"KLIN.JK","2024-06-07","13","209000","16997890048","2024-06-07 11:19:10+00","1"
"ADHI.JK","2024-06-07","218","16811100","1832858943488","2024-06-07 11:19:10+00","1"
"SSMS.JK","2024-06-07","995","10081600","9477374869504","2024-06-07 11:19:10+00","1"
"BPFI.JK","2024-06-07","322","85400","861027958784","2024-06-07 11:19:10+00","1"
"FLMC.JK","2024-06-07","36","1906000","28124999680","2024-06-07 11:19:10+00","1"
"BPII.JK","2024-06-07","525","604700","5189178753024","2024-06-07 11:19:10+00","1"
"BPTR.JK","2024-06-07","81","677900","286254006272","2024-06-07 11:19:10+00","1"
"BREN.JK","2024-06-07","6050","2561500","809405310304256","2024-06-07 11:19:10+00","1"
"ARKO.JK","2024-06-07","740","752100","2167089922048","2024-06-07 11:19:10+00","1"
"STAR.JK","2024-06-07","50","700","240000008192","2024-06-07 11:19:10+00","1"
"MAIN.JK","2024-06-07","640","999000","1432799936512","2024-06-07 11:19:10+00","1"
"MARI.JK","2024-06-07","50","13300","262631981056","2024-06-07 11:19:10+00","1"
"AMAN.JK","2024-06-07","90","408900","348614983680","2024-06-07 11:19:10+00","1"
"FMII.JK","2024-06-07","147","35100","940800016384","2024-06-07 11:19:10+00","1"
"FOOD.JK","2024-06-07","123","541100","79949996032","2024-06-07 11:19:10+00","1"
"CARS.JK","2024-06-07","86","607000","1290000007168","2024-06-07 11:19:10+00","1"
"KLAS.JK","2024-06-07","109","680600","235984994304","2024-06-07 11:19:10+00","1"
"LION.JK","2024-06-07","480","100","249676791808","2024-06-07 11:19:10+00","1"
"ALTO.JK","2024-06-07","9","378400","19726829568","2024-06-07 11:19:10+00","1"
"AMFG.JK","2024-06-07","4750","6600","2061500022784","2024-06-07 11:19:10+00","1"
"LMPI.JK","2024-06-07","93","100","93792362496","2024-06-07 11:19:10+00","1"
"PIPA.JK","2024-06-07","28","88500","95900835840","2024-06-07 11:19:10+00","1"
"TRUE.JK","2024-06-07","12","237000","90853318656","2024-06-07 11:19:10+00","1"
"SURI.JK","2024-06-07","126","75896700","798130569216","2024-06-07 11:19:10+00","1"
"MICE.JK","2024-06-07","458","22400","271092039680","2024-06-07 11:19:10+00","1"
"TRUS.JK","2024-06-07","360","3300","287999983616","2024-06-07 11:19:10+00","1"
"CBUT.JK","2024-06-07","1040","1700","3249999970304","2024-06-07 11:19:10+00","1"
"BRIS.JK","2024-06-07","2180","17291900","100561869340672","2024-06-07 11:19:10+00","1"
"MOLI.JK","2024-06-07","272","220300","740938874880","2024-06-07 11:19:10+00","1"
"BRPT.JK","2024-06-07","965","81346400","90287133163520","2024-06-07 11:19:10+00","1"
"MRAT.JK","2024-06-07","402","17400","172056002560","2024-06-07 11:19:10+00","1"
"INET.JK","2024-06-07","51","10418400","382502043648","2024-06-07 11:19:10+00","1"
"NIKL.JK","2024-06-07","290","225200","731771502592","2024-06-07 11:19:10+00","1"
"PDPP.JK","2024-06-07","590","6711100","1806190510080","2024-06-07 11:19:10+00","1"
"PEVE.JK","2024-06-07","258","15335900","455529955328","2024-06-07 11:19:10+00","1"
"ARTI.JK","2024-06-07","3","443200","23520000000","2024-06-07 11:19:10+00","1"
"BMAS.JK","2024-06-07","520","1900","9413404393472","2024-06-07 11:19:10+00","1"
"BHAT.JK","2024-06-07","326","947300","1629999988736","2024-06-07 11:19:10+00","1"
"ASBI.JK","2024-06-07","850","5000","296128086016","2024-06-07 11:19:10+00","1"
"PGJO.JK","2024-06-07","87","1140800","67203932160","2024-06-07 11:19:10+00","1"
"SULI.JK","2024-06-07","96","217900","550135660544","2024-06-07 11:19:10+00","1"
"BSML.JK","2024-06-07","107","12739000","197974605824","2024-06-07 11:19:10+00","1"
"MDIA.JK","2024-06-07","11","5700","431370502144","2024-06-07 11:19:10+00","1"
"BSSR.JK","2024-06-07","4000","789900","10465999585280","2024-06-07 11:19:10+00","1"
"SWAT.JK","2024-06-07","28","54200","84537597952","2024-06-07 11:19:10+00","1"
"MEGA.JK","2024-06-07","5150","8000","60465635917824","2024-06-07 11:19:10+00","1"
"MDKI.JK","2024-06-07","191","30600","483258630144","2024-06-07 11:19:10+00","1"
"CCSI.JK","2024-06-07","390","3700","468000014336","2024-06-07 11:19:10+00","1"
"CMNP.JK","2024-06-07","1540","1500","8372810678272","2024-06-07 11:19:10+00","1"
"KOKA.JK","2024-06-07","78","4453600","223183732736","2024-06-07 11:19:10+00","1"
"DART.JK","2024-06-07","87","900","273300930560","2024-06-07 11:19:10+00","1"
"PSKT.JK","2024-06-07","25","220600","258780004352","2024-06-07 11:19:10+00","1"
"APIC.JK","2024-06-07","1095","5918700","12884097630208","2024-06-07 11:19:10+00","1"
"ATAP.JK","2024-06-07","50","10200","62499999744","2024-06-07 11:19:10+00","1"
"ASPI.JK","2024-06-07","236","7721500","160907395072","2024-06-07 11:19:10+00","1"
"LPIN.JK","2024-06-07","310","7900","131750002688","2024-06-07 11:19:10+00","1"
"RONY.JK","2024-06-07","218","1100","272499998720","2024-06-07 11:19:10+00","1"
"DSFI.JK","2024-06-07","50","1200","92856999936","2024-06-07 11:19:10+00","1"
"BIPP.JK","2024-06-07","20","310100","100573396992","2024-06-07 11:19:10+00","1"
"SHIP.JK","2024-06-07","985","31800","2678993190912","2024-06-07 11:19:10+00","1"
"ARKA.JK","2024-06-07","8","3946300","16000000000","2024-06-07 11:19:10+00","1"
"BEKS.JK","2024-06-07","24","8702400","153862553600","2024-06-07 11:19:10+00","1"
"ADCP.JK","2024-06-07","50","11100","1111110057984","2024-06-07 11:19:10+00","1"
"BOBA.JK","2024-06-07","160","15900","184919998464","2024-06-07 11:19:10+00","1"
"ERTX.JK","2024-06-07","232","49900","298477289472","2024-06-07 11:19:10+00","1"
"LPPS.JK","2024-06-07","56","32500","144942006272","2024-06-07 11:19:10+00","1"
"LRNA.JK","2024-06-07","149","8800","52150001664","2024-06-07 11:19:10+00","1"
"TALF.JK","2024-06-07","332","400","449342078976","2024-06-07 11:19:10+00","1"
"TAPG.JK","2024-06-07","560","6889100","11117400162304","2024-06-07 11:19:10+00","1"
"ASJT.JK","2024-06-07","119","23900","166599999488","2024-06-07 11:19:10+00","1"
"MGNA.JK","2024-06-07","7","406000","23873359872","2024-06-07 11:19:10+00","1"
"BUDI.JK","2024-06-07","276","29200","1241723961344","2024-06-07 11:19:10+00","1"
"BNBR.JK","2024-06-07","28","31072900","4481595998208","2024-06-07 11:19:10+00","1"
"PICO.JK","2024-06-07","83","692600","47175122944","2024-06-07 11:19:10+00","1"
"KETR.JK","2024-06-07","208","41000","590982086656","2024-06-07 11:19:10+00","1"
"ARII.JK","2024-06-07","286","11100","981266006016","2024-06-07 11:19:10+00","1"
"BUVA.JK","2024-06-07","60","120900","1235430014976","2024-06-07 11:19:10+00","1"
"BVIC.JK","2024-06-07","75","725400","1176749998080","2024-06-07 11:19:10+00","1"
"CEKA.JK","2024-06-07","1860","3500","1106700009472","2024-06-07 11:19:10+00","1"
"MINA.JK","2024-06-07","16","5406900","105000001536","2024-06-07 11:19:10+00","1"
"MEDS.JK","2024-06-07","50","16900","78124998656","2024-06-07 11:19:10+00","1"
"FUJI.JK","2024-06-07","224","2700","291200008192","2024-06-07 11:19:10+00","1"
"LPPF.JK","2024-06-07","1560","913200","1830691143680","2024-06-07 11:19:10+00","1"
"SWID.JK","2024-06-07","66","227700","355411329024","2024-06-07 11:19:10+00","1"
"KDTN.JK","2024-06-07","112","82400","140002230272","2024-06-07 11:19:10+00","1"
"FPNI.JK","2024-06-07","167","2702400","929590542336","2024-06-07 11:19:10+00","1"
"MITI.JK","2024-06-07","164","64900","580681400320","2024-06-07 11:19:10+00","1"
"CENT.JK","2024-06-07","35","495600","1091422453760","2024-06-07 11:19:10+00","1"
"TAXI.JK","2024-06-07","1","9886800","10223599616","2024-06-07 11:19:10+00","1"
"TCID.JK","2024-06-07","2670","3800","1073695096832","2024-06-07 11:19:10+00","1"
"BWPT.JK","2024-06-07","50","21450000","1556119945216","2024-06-07 11:19:10+00","1"
"CAMP.JK","2024-06-07","388","211500","2283380146176","2024-06-07 11:19:10+00","1"
"GDYR.JK","2024-06-07","1595","2972200","653949992960","2024-06-07 11:19:10+00","1"
"PURI.JK","2024-06-07","170","114300","170000007168","2024-06-07 11:19:10+00","1"
"BSIM.JK","2024-06-07","815","10100","16068703682560","2024-06-07 11:23:53+00","1"
"MKTR.JK","2024-06-07","123","94500","1476012277760","2024-06-07 11:23:53+00","1"
"MMIX.JK","2024-06-07","50","18200","120004509696","2024-06-07 11:23:53+00","1"
"MORA.JK","2024-06-07","450","9300","10641014259712","2024-06-07 11:23:53+00","1"
"MREI.JK","2024-06-07","1050","3400","543681609728","2024-06-07 11:23:53+00","1"
"BUAH.JK","2024-06-07","1500","197000","1500000026624","2024-06-07 11:23:53+00","1"
"IKAN.JK","2024-06-07","28","4700","23333322752","2024-06-07 11:23:53+00","1"
"MBTO.JK","2024-06-07","80","1082500","85600002048","2024-06-07 11:23:53+00","1"
"TOPS.JK","2024-06-07","2","47815500","66659999744","2024-06-07 11:23:53+00","1"
"GGRP.JK","2024-06-07","424","9300","5135233712128","2024-06-07 11:23:53+00","1"
"ASRM.JK","2024-06-07","382","1700","464947478528","2024-06-07 11:23:53+00","1"
"HERO.JK","2024-06-07","700","6000","2928541171712","2024-06-07 11:23:53+00","1"
"TPMA.JK","2024-06-07","735","5906500","1927434600448","2024-06-07 11:23:53+00","1"
"NASA.JK","2024-06-07","10","924900","110049001472","2024-06-07 11:23:53+00","1"
"UFOE.JK","2024-06-07","206","191200","471225008128","2024-06-07 11:23:53+00","1"
"TRGU.JK","2024-06-07","204","257200","1620863614976","2024-06-07 11:23:53+00","1"
"TRIN.JK","2024-06-07","111","2065200","483123036160","2024-06-07 11:23:53+00","1"
"TOOL.JK","2024-06-07","51","866800","104551014400","2024-06-07 11:23:53+00","1"
"CNKO.JK","2024-06-07","5","822100","44781797376","2024-06-07 11:23:53+00","1"
"CINT.JK","2024-06-07","136","18400","135999995904","2024-06-07 11:23:53+00","1"
"NETV.JK","2024-06-07","79","165400","1852802859008","2024-06-07 11:23:53+00","1"
"GLVA.JK","2024-06-07","306","2100","458999988224","2024-06-07 11:23:53+00","1"
"CPIN.JK","2024-06-07","5225","3806100","85679547613184","2024-06-07 11:23:53+00","1"
"RELI.JK","2024-06-07","456","1200","820799995904","2024-06-07 11:23:53+00","1"
"DADA.JK","2024-06-07","5","3708000","37157650432","2024-06-07 11:23:53+00","1"
"AXIO.JK","2024-06-07","186","35900","1086264180736","2024-06-07 11:23:53+00","1"
"AYLS.JK","2024-06-07","50","1100","42671149056","2024-06-07 11:23:53+00","1"
"BAUT.JK","2024-06-07","14","1117200","67201957888","2024-06-07 11:23:53+00","1"
"GPRA.JK","2024-06-07","77","16332300","329302802432","2024-06-07 11:23:53+00","1"
"BBLD.JK","2024-06-07","565","400","929876934656","2024-06-07 11:23:53+00","1"
"OBMD.JK","2024-06-07","262","459900","211170164736","2024-06-07 11:23:53+00","1"
"KOCI.JK","2024-06-07","54","128100","238441857024","2024-06-07 11:23:53+00","1"
"AGAR.JK","2024-06-07","374","720200","373999992832","2024-06-07 11:23:53+00","1"
"DVLA.JK","2024-06-07","1570","25000","1758399954944","2024-06-07 11:23:53+00","1"
"BIMA.JK","2024-06-07","80","1014800","48654082048","2024-06-07 11:23:53+00","1"
"EKAD.JK","2024-06-07","222","59600","775639138304","2024-06-07 11:23:53+00","1"
"DGNS.JK","2024-06-07","232","1160300","290000011264","2024-06-07 11:23:53+00","1"
"GPSO.JK","2024-06-07","248","7929100","165351768064","2024-06-07 11:23:53+00","1"
"OILS.JK","2024-06-07","82","138100","37232672768","2024-06-07 11:23:53+00","1"
"OKAS.JK","2024-06-07","94","8117600","223104303104","2024-06-07 11:23:53+00","1"
"OPMS.JK","2024-06-07","63","142700","50502500352","2024-06-07 11:23:53+00","1"
"ERAL.JK","2024-06-07","224","2515600","1161999941632","2024-06-07 11:23:53+00","1"
"GWSA.JK","2024-06-07","145","45100","1131110203392","2024-06-07 11:23:53+00","1"
"ANDI.JK","2024-06-07","4","1043000","37399998464","2024-06-07 11:23:53+00","1"
"BIKE.JK","2024-06-07","530","5575200","685777616896","2024-06-07 11:23:53+00","1"
"MIRA.JK","2024-06-07","5","256400","19807250432","2024-06-07 11:23:53+00","1"
"FUTR.JK","2024-06-07","28","61700","178920554496","2024-06-07 11:23:53+00","1"
"GGRM.JK","2024-06-07","18850","1133400","36280406638592","2024-06-07 11:23:53+00","1"
"GMTD.JK","2024-06-07","6575","70800","6676123484160","2024-06-07 11:23:53+00","1"
"FAPA.JK","2024-06-07","5300","12600","19235872964608","2024-06-07 11:23:53+00","1"
"HAIS.JK","2024-06-07","216","1055200","567269982208","2024-06-07 11:23:53+00","1"
"HALO.JK","2024-06-07","35","6604100","197750358016","2024-06-07 11:23:53+00","1"
"KKES.JK","2024-06-07","28","68100","41999998976","2024-06-07 11:23:53+00","1"
"PADI.JK","2024-06-07","8","2002000","90457604096","2024-06-07 11:23:53+00","1"
"VKTR.JK","2024-06-07","111","13829300","4856250105856","2024-06-07 11:23:53+00","1"
"TRJA.JK","2024-06-07","178","257200","268815613952","2024-06-07 11:23:53+00","1"
"TRON.JK","2024-06-07","202","36942700","596160610304","2024-06-07 11:23:53+00","1"
"KRYA.JK","2024-06-07","50","4000","83197001728","2024-06-07 11:23:53+00","1"
"TOBA.JK","2024-06-07","242","4841600","1976614912000","2024-06-07 11:23:53+00","1"
"LOPI.JK","2024-06-07","52","195300","57200517120","2024-06-07 11:23:53+00","1"
"INPS.JK","2024-06-07","126","131400","81900003328","2024-06-07 11:23:53+00","1"
"MPXL.JK","2024-06-07","102","2867100","204001017856","2024-06-07 11:23:53+00","1"
"GZCO.JK","2024-06-07","85","8575600","510000005120","2024-06-07 11:23:53+00","1"
"HRUM.JK","2024-06-07","1115","32375400","14847563530240","2024-06-07 11:23:53+00","1"
"ICON.JK","2024-06-07","31","46200","33782251520","2024-06-07 11:23:53+00","1"
"AMAG.JK","2024-06-07","308","53800","1527553720320","2024-06-07 11:23:53+00","1"
"INAI.JK","2024-06-07","183","189200","115948797952","2024-06-07 11:23:53+00","1"
"SFAN.JK","2024-06-07","1810","121700","2461473177600","2024-06-07 11:23:53+00","1"
"BELL.JK","2024-06-07","59","185600","426525163520","2024-06-07 11:23:53+00","1"
"ARTO.JK","2024-06-07","2330","7328000","32284946202624","2024-06-07 11:23:53+00","1"
"SGER.JK","2024-06-07","605","1024800","9430074654720","2024-06-07 11:23:53+00","1"
"INCI.JK","2024-06-07","540","16300","112134774784","2024-06-07 11:23:53+00","1"
"CLAY.JK","2024-06-07","362","2000","930339946496","2024-06-07 11:23:53+00","1"
"INDR.JK","2024-06-07","3000","8600","1963056037888","2024-06-07 11:23:53+00","1"
"HDIT.JK","2024-06-07","10","125400","15246798848","2024-06-07 11:23:53+00","1"
"PDES.JK","2024-06-07","185","5100","132275003392","2024-06-07 11:23:53+00","1"
"BCIC.JK","2024-06-07","97","40000","1756660367360","2024-06-07 11:23:53+00","1"
"ALKA.JK","2024-06-07","322","264700","163468132352","2024-06-07 11:23:53+00","1"
"IDEA.JK","2024-06-07","44","21824300","46747361280","2024-06-07 11:23:53+00","1"
"BCIP.JK","2024-06-07","50","9100","71495999488","2024-06-07 11:23:53+00","1"
"PEHA.JK","2024-06-07","314","3585800","263760003072","2024-06-07 11:23:53+00","1"
"BDKR.JK","2024-06-07","555","44920100","2618140393472","2024-06-07 11:23:53+00","1"
"INOV.JK","2024-06-07","80","274300","144657596416","2024-06-07 11:23:53+00","1"
"UNIQ.JK","2024-06-07","520","18566600","1632269631488","2024-06-07 11:23:53+00","1"
"LAND.JK","2024-06-07","10","1234100","27926200320","2024-06-07 11:23:53+00","1"
"NELY.JK","2024-06-07","460","1088200","1081000067072","2024-06-07 11:23:53+00","1"
"PGLI.JK","2024-06-07","117","3400","57095999488","2024-06-07 11:23:53+00","1"
"PNBS.JK","2024-06-07","50","495500","1940680081408","2024-06-07 11:23:53+00","1"
"PTIS.JK","2024-06-07","252","345800","138641571840","2024-06-07 11:23:53+00","1"
"IBFN.JK","2024-06-07","7","10000","10621309952","2024-06-07 11:23:53+00","1"
"RCCC.JK","2024-06-07","145","415200","108749996032","2024-06-07 11:23:53+00","1"
"PGUN.JK","2024-06-07","340","700","1950868963328","2024-06-07 11:23:53+00","1"
"CLPI.JK","2024-06-07","1085","81100","332376702976","2024-06-07 11:23:53+00","1"
"PJAA.JK","2024-06-07","650","72900","1040000024576","2024-06-07 11:23:53+00","1"
"KREN.JK","2024-06-07","6","3606000","109232390144","2024-06-07 11:23:53+00","1"
"SOTS.JK","2024-06-07","166","41400","166000001024","2024-06-07 11:23:53+00","1"
"PKPK.JK","2024-06-07","346","28900","415199985664","2024-06-07 11:23:53+00","1"
"PLAN.JK","2024-06-07","20","8600","17934200832","2024-06-07 11:23:53+00","1"
"ARGO.JK","2024-06-07","1075","40200","3412415479808","2024-06-07 11:23:53+00","1"
"PTPP.JK","2024-06-07","352","23755600","2177239613440","2024-06-07 11:23:53+00","1"
"ICBP.JK","2024-06-07","10575","2828600","123324592029696","2024-06-07 11:23:53+00","1"
"BABY.JK","2024-06-07","170","663200","444021276672","2024-06-07 11:23:53+00","1"
"BMSR.JK","2024-06-07","330","34000","382535991296","2024-06-07 11:23:53+00","1"
"VINS.JK","2024-06-07","133","43800","194255814656","2024-06-07 11:23:53+00","1"
"VIVA.JK","2024-06-07","5","524100","82321498112","2024-06-07 11:23:53+00","1"
"COAL.JK","2024-06-07","28","2113400","174999994368","2024-06-07 11:23:53+00","1"
"COCO.JK","2024-06-07","138","953300","122801233920","2024-06-07 11:23:53+00","1"
"WIKA.JK","2024-06-07","111","16326100","4425791832064","2024-06-07 11:23:53+00","1"
"ARCI.JK","2024-06-07","276","2385200","6854460047360","2024-06-07 11:23:53+00","1"
"WINE.JK","2024-06-07","312","15200","845520044032","2024-06-07 11:23:53+00","1"
"WOMF.JK","2024-06-07","366","173500","1274221690880","2024-06-07 11:23:53+00","1"
"ZATA.JK","2024-06-07","7","29044600","59471998976","2024-06-07 11:23:53+00","1"
"ZBRA.JK","2024-06-07","454","33300","242529976320","2024-06-07 11:23:53+00","1"
"ATIC.JK","2024-06-07","362","68700","838160351232","2024-06-07 11:23:53+00","1"
"PLIN.JK","2024-06-07","2630","400","9299022577664","2024-06-07 11:23:53+00","1"
"PNGO.JK","2024-06-07","1460","2500","1140624982016","2024-06-07 11:23:53+00","1"
"KBLV.JK","2024-06-07","32","7100","55749439488","2024-06-07 11:23:53+00","1"
"LPLI.JK","2024-06-07","218","2600","255153733632","2024-06-07 11:23:53+00","1"
"BRMS.JK","2024-06-07","144","100007000","20416896696320","2024-06-07 11:23:53+00","1"
"SUNI.JK","2024-06-07","555","1264500","1387500011520","2024-06-07 11:23:53+00","1"
"MTLA.JK","2024-06-07","372","60500","2847708282880","2024-06-07 11:23:53+00","1"
"IRSX.JK","2024-06-07","28","68900","140009799680","2024-06-07 11:23:53+00","1"
"PNSE.JK","2024-06-07","450","300","359016300544","2024-06-07 11:23:53+00","1"
"SMCB.JK","2024-06-07","1300","800","11725193609216","2024-06-07 11:23:53+00","1"
"ADES.JK","2024-06-07","9950","9900","5869475463168","2024-06-07 11:23:53+00","1"
"MCOR.JK","2024-06-07","66","2427000","2502700040192","2024-06-07 11:23:53+00","1"
"POLA.JK","2024-06-07","9","238200","30159720448","2024-06-07 11:23:53+00","1"
"POLY.JK","2024-06-07","19","70200","47419248640","2024-06-07 11:23:53+00","1"
"FWCT.JK","2024-06-07","142","9116100","266250010624","2024-06-07 11:23:53+00","1"
"PTSN.JK","2024-06-07","216","257700","1147897380864","2024-06-07 11:23:53+00","1"
"HOPE.JK","2024-06-07","23","1637500","48998281216","2024-06-07 11:23:53+00","1"
"CPRO.JK","2024-06-07","50","194000","2978620112896","2024-06-07 11:28:50+00","1"
"TGUK.JK","2024-06-07","50","44700","178572509184","2024-06-07 11:28:50+00","1"
"TFAS.JK","2024-06-07","116","128600","192191119360","2024-06-07 11:28:50+00","1"
"CHIP.JK","2024-06-07","1940","157700","1563639939072","2024-06-07 11:28:50+00","1"
"JARR.JK","2024-06-07","340","744600","3138424143872","2024-06-07 11:28:50+00","1"
"AYAM.JK","2024-06-07","112","101329800","448000000000","2024-06-07 11:28:50+00","1"
"LINK.JK","2024-06-07","1225","174600","3370685300736","2024-06-07 11:28:50+00","1"
"BYAN.JK","2024-06-07","17800","90100","593332753399808","2024-06-07 11:28:50+00","1"
"IATA.JK","2024-06-07","28","4213400","706669576192","2024-06-07 11:28:50+00","1"
"WIRG.JK","2024-06-07","94","4828400","1122228371456","2024-06-07 11:28:50+00","1"
"NINE.JK","2024-06-07","6","10794800","12942000128","2024-06-07 11:28:50+00","1"
"BBTN.JK","2024-06-07","1245","21779900","17472828735488","2024-06-07 11:28:50+00","1"
"BCAP.JK","2024-06-07","28","2886300","1193329164288","2024-06-07 11:28:50+00","1"
"BOGA.JK","2024-06-07","910","163953800","3461212274688","2024-06-07 11:28:50+00","1"
"BEBS.JK","2024-06-07","28","56000","1259999985664","2024-06-07 11:28:50+00","1"
"BINA.JK","2024-06-07","4190","50000","25704477491200","2024-06-07 11:28:50+00","1"
"IBOS.JK","2024-06-07","197","28651100","1588960559104","2024-06-07 11:28:50+00","1"
"BANK.JK","2024-06-07","920","2823000","13452147949568","2024-06-07 11:28:50+00","1"
"PPGL.JK","2024-06-07","92","18400","70948372480","2024-06-07 11:28:50+00","1"
"BATA.JK","2024-06-07","69","29900","89699999744","2024-06-07 11:28:50+00","1"
"CFIN.JK","2024-06-07","498","2325800","1984290881536","2024-06-07 11:28:50+00","1"
"CRAB.JK","2024-06-07","306","5881300","596699971584","2024-06-07 11:28:50+00","1"
"DMMX.JK","2024-06-07","126","4464900","914689425408","2024-06-07 11:28:50+00","1"
"IFII.JK","2024-06-07","200","40300","1882399965184","2024-06-07 11:28:50+00","1"
"TAMA.JK","2024-06-07","8","105800","9600000000","2024-06-07 11:28:50+00","1"
"DSNG.JK","2024-06-07","660","20857900","6995867860992","2024-06-07 11:28:50+00","1"
"EMTK.JK","2024-06-07","390","14748400","23818393354240","2024-06-07 11:28:50+00","1"
"ENAK.JK","2024-06-07","1045","33600","2264170233856","2024-06-07 11:28:50+00","1"
"ESSA.JK","2024-06-07","715","19892300","12317304553472","2024-06-07 11:28:50+00","1"
"PPRE.JK","2024-06-07","50","224000","505810026496","2024-06-07 11:28:50+00","1"
"CSIS.JK","2024-06-07","28","892800","36596002816","2024-06-07 11:28:50+00","1"
"BAPA.JK","2024-06-07","50","600","33089251328","2024-06-07 11:28:50+00","1"
"GDST.JK","2024-06-07","103","251300","875615354880","2024-06-07 11:28:50+00","1"
"DNAR.JK","2024-06-07","81","1588000","1368284332032","2024-06-07 11:28:50+00","1"
"PPRO.JK","2024-06-07","8","6468500","493405601792","2024-06-07 11:28:50+00","1"
"HMSP.JK","2024-06-07","725","12312800","84330550394880","2024-06-07 11:28:50+00","1"
"IFSH.JK","2024-06-07","805","4400","1548079333376","2024-06-07 11:28:50+00","1"
"PRAY.JK","2024-06-07","635","6400","8864219004928","2024-06-07 11:28:50+00","1"
"RAJA.JK","2024-06-07","1370","1514500","5791099650048","2024-06-07 11:28:50+00","1"
"INDY.JK","2024-06-07","1300","4550500","6763497127936","2024-06-07 11:28:50+00","1"
"IPTV.JK","2024-06-07","28","710400","1181543956480","2024-06-07 11:28:50+00","1"
"CSRA.JK","2024-06-07","432","41300","885600026624","2024-06-07 11:28:50+00","1"
"PRIM.JK","2024-06-07","66","1526100","222969118720","2024-06-07 11:28:50+00","1"
"PSDN.JK","2024-06-07","80","310600","115200000000","2024-06-07 11:28:50+00","1"
"PSGO.JK","2024-06-07","152","1405200","2865200103424","2024-06-07 11:28:50+00","1"
"IGAR.JK","2024-06-07","490","26600","470724870144","2024-06-07 11:28:50+00","1"
"CLEO.JK","2024-06-07","1285","6347600","15368600944640","2024-06-07 11:28:50+00","1"
"GEMS.JK","2024-06-07","6950","393200","40882334072832","2024-06-07 11:28:50+00","1"
"ARNA.JK","2024-06-07","610","1250100","4414313594880","2024-06-07 11:28:50+00","1"
"PTPW.JK","2024-06-07","885","14200","777196404736","2024-06-07 11:28:50+00","1"
"ASGR.JK","2024-06-07","740","785800","998097223680","2024-06-07 11:28:50+00","1"
"CSAP.JK","2024-06-07","488","10400","2773386788864","2024-06-07 11:28:50+00","1"
"PTRO.JK","2024-06-07","7975","2875100","7908528488448","2024-06-07 11:28:50+00","1"
"LSIP.JK","2024-06-07","830","3174700","5660566618112","2024-06-07 11:28:50+00","1"
"MAPI.JK","2024-06-07","1475","15017900","24395909169152","2024-06-07 11:28:50+00","1"
"PTSP.JK","2024-06-07","995","43900","219703967744","2024-06-07 11:28:50+00","1"
"MASA.JK","2024-06-07","5450","5100","50047081250816","2024-06-07 11:28:50+00","1"
"PUDP.JK","2024-06-07","390","516900","128528400384","2024-06-07 11:28:50+00","1"
"PURA.JK","2024-06-07","8","2152600","50415439872","2024-06-07 11:28:50+00","1"
"MBAP.JK","2024-06-07","3030","48000","3718628245504","2024-06-07 11:28:50+00","1"
"NIRO.JK","2024-06-07","140","811800","3107846094848","2024-06-07 11:28:50+00","1"
"BEER.JK","2024-06-07","256","543500","1024000000000","2024-06-07 11:28:50+00","1"
"GOLD.JK","2024-06-07","320","13900","408729616384","2024-06-07 11:28:50+00","1"
"BELI.JK","2024-06-07","468","3238400","57662280564736","2024-06-07 11:28:50+00","1"
"BGTG.JK","2024-06-07","67","3758900","1606057066496","2024-06-07 11:28:50+00","1"
"HATM.JK","2024-06-07","232","35389200","1624000036864","2024-06-07 11:28:50+00","1"
"IKBI.JK","2024-06-07","470","12100","575279988736","2024-06-07 11:28:50+00","1"
"MDLN.JK","2024-06-07","50","34500","597364965376","2024-06-07 11:28:50+00","1"
"GOOD.JK","2024-06-07","400","54900","14753280819200","2024-06-07 11:28:50+00","1"
"MEDC.JK","2024-06-07","1330","21212700","33283249274880","2024-06-07 11:28:50+00","1"
"MGRO.JK","2024-06-07","720","5867300","2538208755712","2024-06-07 11:28:50+00","1"
"DAYA.JK","2024-06-07","378","53500","914967887872","2024-06-07 11:28:50+00","1"
"DEPO.JK","2024-06-07","376","1600","2553040076800","2024-06-07 11:28:50+00","1"
"DEWI.JK","2024-06-07","68","12485400","135999995904","2024-06-07 11:28:50+00","1"
"DGIK.JK","2024-06-07","89","4881900","457544564736","2024-06-07 11:28:50+00","1"
"JAST.JK","2024-06-07","31","2680700","33559977984","2024-06-07 11:28:50+00","1"
"PYFA.JK","2024-06-07","117","24610000","1314693971968","2024-06-07 11:28:50+00","1"
"ASII.JK","2024-06-07","4560","34027900","184605210574848","2024-06-07 11:28:50+00","1"
"BBHI.JK","2024-06-07","880","354600","19122664505344","2024-06-07 11:28:50+00","1"
"BSBK.JK","2024-06-07","55","68296900","1380054466560","2024-06-07 11:28:50+00","1"
"CASS.JK","2024-06-07","1070","318600","2233036439552","2024-06-07 11:28:50+00","1"
"MSKY.JK","2024-06-07","50","16221700","498592514048","2024-06-07 11:28:50+00","1"
"RAAM.JK","2024-06-07","550","5238400","3406810054656","2024-06-07 11:28:50+00","1"
"MSTI.JK","2024-06-07","1500","1457400","4708229971968","2024-06-07 11:28:50+00","1"
"EURO.JK","2024-06-07","238","12300","606621532160","2024-06-07 11:28:50+00","1"
"AWAN.JK","2024-06-07","354","4363300","1215990071296","2024-06-07 11:28:50+00","1"
"DIGI.JK","2024-06-07","11","267000","17874999296","2024-06-07 11:28:50+00","1"
"RMKO.JK","2024-06-07","199","381300","248749998080","2024-06-07 11:28:50+00","1"
"MTEL.JK","2024-06-07","635","57693900","52390736691200","2024-06-07 11:28:50+00","1"
"HRME.JK","2024-06-07","22","34600","131092504576","2024-06-07 11:28:50+00","1"
"ADRO.JK","2024-06-07","2840","25352600","87702611427328","2024-06-07 11:28:50+00","1"
"MYOH.JK","2024-06-07","1860","25100","4103736393728","2024-06-07 11:28:50+00","1"
"NATO.JK","2024-06-07","148","110500","1184164216832","2024-06-07 11:28:50+00","1"
"PACK.JK","2024-06-07","36","242100","55351799808","2024-06-07 11:28:50+00","1"
"SOUL.JK","2024-06-07","10","283900","10825299968","2024-06-07 11:28:50+00","1"
"MAYA.JK","2024-06-07","330","12618100","4004187209728","2024-06-07 11:28:50+00","1"
"DOID.JK","2024-06-07","540","7485000","3961801932800","2024-06-07 11:28:50+00","1"
"NCKL.JK","2024-06-07","940","14738200","59312684662784","2024-06-07 11:28:50+00","1"
"IMJS.JK","2024-06-07","177","11575500","1531814608896","2024-06-07 11:28:50+00","1"
"INAF.JK","2024-06-07","162","154500","502081716224","2024-06-07 11:28:50+00","1"
"RANC.JK","2024-06-07","580","7100","907404181504","2024-06-07 11:28:50+00","1"
"INDS.JK","2024-06-07","2320","12700","1522499977216","2024-06-07 11:28:50+00","1"
"ELSA.JK","2024-06-07","414","14825600","3021578960896","2024-06-07 11:28:50+00","1"
"RBMS.JK","2024-06-07","24","250600","63749038080","2024-06-07 11:28:50+00","1"
"INDX.JK","2024-06-07","81","47700","35471032320","2024-06-07 11:28:50+00","1"
"JECC.JK","2024-06-07","3150","2600","476279996416","2024-06-07 11:28:50+00","1"
"RDTX.JK","2024-06-07","14125","300","3796800110592","2024-06-07 11:28:50+00","1"
"BDMN.JK","2024-06-07","2580","1175900","25215757189120","2024-06-07 11:28:50+00","1"
"MLIA.JK","2024-06-07","376","3352900","2487240097792","2024-06-07 11:28:50+00","1"
"REAL.JK","2024-06-07","5","3188500","33168052224","2024-06-07 11:28:50+00","1"
"RICY.JK","2024-06-07","64","216900","41069953024","2024-06-07 11:28:50+00","1"
"ZYRX.JK","2024-06-07","156","974900","207999483904","2024-06-07 11:28:50+00","1"
"MMLP.JK","2024-06-07","328","592000","2259634618368","2024-06-07 11:28:50+00","1"
"INPP.JK","2024-06-07","1080","1176800","12076559892480","2024-06-07 11:28:50+00","1"
"RIGS.JK","2024-06-07","500","6600","304564994048","2024-06-07 11:28:50+00","1"
"SIDO.JK","2024-06-07","760","83042600","22800001662976","2024-06-07 11:28:50+00","1"
"APLN.JK","2024-06-07","108","3631400","2451524550656","2024-06-07 11:28:50+00","1"
"BHIT.JK","2024-06-07","28","14343700","2339195584512","2024-06-07 11:28:50+00","1"
"INRU.JK","2024-06-07","476","11500","661106851840","2024-06-07 11:28:50+00","1"
"INTP.JK","2024-06-07","7700","9505700","26419239321600","2024-06-07 11:28:50+00","1"
"GTBO.JK","2024-06-07","256","307100","640000000000","2024-06-07 11:28:50+00","1"
"OLIV.JK","2024-06-07","6","153200","11400420352","2024-06-07 11:28:50+00","1"
"ASSA.JK","2024-06-07","755","5518500","2786810658816","2024-06-07 11:28:50+00","1"
"RISE.JK","2024-06-07","965","10000","10561925414912","2024-06-07 11:28:50+00","1"
"MPMX.JK","2024-06-07","970","28938800","4242101239808","2024-06-07 11:28:50+00","1"
"IPAC.JK","2024-06-07","86","395400","81688649728","2024-06-07 11:28:50+00","1"
"DIVA.JK","2024-06-07","95","89500","132999053312","2024-06-07 11:28:50+00","1"
"RODA.JK","2024-06-07","17","223600","231065698304","2024-06-07 11:28:50+00","1"
"ACES.JK","2024-06-07","835","43334000","14295534403584","2024-06-07 11:28:50+00","1"
"MYOR.JK","2024-06-07","2370","3704600","52990119510016","2024-06-07 11:28:50+00","1"
"IPCM.JK","2024-06-07","268","331300","1414174343168","2024-06-07 11:28:50+00","1"
"NISP.JK","2024-06-07","1235","4017300","28337445535744","2024-06-07 11:28:50+00","1"
"NAYZ.JK","2024-06-07","21","876300","53550211072","2024-06-07 11:28:50+00","1"
"NOBU.JK","2024-06-07","645","17200","4823593779200","2024-06-07 11:28:50+00","1"
"IPPE.JK","2024-06-07","14","6095300","64399998976","2024-06-07 11:28:50+00","1"
"ROTI.JK","2024-06-07","990","1032400","5646197456896","2024-06-07 11:28:50+00","1"
"IRRA.JK","2024-06-07","468","1634700","705659797504","2024-06-07 11:28:50+00","1"
"ISAT.JK","2024-06-07","10375","2380400","83650309783552","2024-06-07 11:28:50+00","1"
"BNGA.JK","2024-06-07","1740","3742300","43392813760512","2024-06-07 11:28:50+00","1"
"ITIC.JK","2024-06-07","260","107800","244587200512","2024-06-07 11:28:50+00","1"
"AALI.JK","2024-06-07","5875","442300","11307554177024","2024-06-07 11:28:50+00","1"
"BIKA.JK","2024-06-07","56","300","33167679488","2024-06-07 11:28:50+00","1"
"ITMG.JK","2024-06-07","24750","414700","27965519822848","2024-06-07 11:28:50+00","1"
"TSPC.JK","2024-06-07","2020","718500","9109917138944","2024-06-07 11:28:50+00","1"
"RSGK.JK","2024-06-07","940","400","873894510592","2024-06-07 11:28:50+00","1"
"AUTO.JK","2024-06-07","1925","2180400","9277979754496","2024-06-07 11:28:50+00","1"
"POWR.JK","2024-06-07","625","33375800","9878625058816","2024-06-07 11:28:50+00","1"
"RUIS.JK","2024-06-07","169","3009100","130130001920","2024-06-07 11:28:50+00","1"
"WINR.JK","2024-06-07","11","2977600","57588191232","2024-06-07 11:33:13+00","1"
"GRIA.JK","2024-06-07","195","19411600","1438265376768","2024-06-07 11:33:13+00","1"
"GULA.JK","2024-06-07","705","18291700","754603786240","2024-06-07 11:33:13+00","1"
"STRK.JK","2024-06-07","50","8500","536085004288","2024-06-07 11:33:13+00","1"
"WIDI.JK","2024-06-07","10","1327000","16000199680","2024-06-07 11:33:13+00","1"
"MSIE.JK","2024-06-07","17","213400","24820170752","2024-06-07 11:33:13+00","1"
"PADA.JK","2024-06-07","28","11300","88200003584","2024-06-07 11:33:13+00","1"
"CYBR.JK","2024-06-07","400","8914500","2579827785728","2024-06-07 11:33:13+00","1"
"PTPS.JK","2024-06-07","102","87849800","221086023680","2024-06-07 11:33:13+00","1"
"GRPH.JK","2024-06-07","50","5100","49999998976","2024-06-07 11:33:13+00","1"
"UNTD.JK","2024-06-07","136","9836900","906667098112","2024-06-07 11:33:13+00","1"
"MPIX.JK","2024-06-07","55","3220300","85937496064","2024-06-07 11:33:13+00","1"
"HYGN.JK","2024-06-07","164","15834100","414099996672","2024-06-07 11:33:13+00","1"
"VISI.JK","2024-06-07","410","14527000","1260749979648","2024-06-07 11:33:13+00","1"
"ALII.JK","2024-06-07","348","1333200","5507378577408","2024-06-07 11:33:13+00","1"
"SMGA.JK","2024-06-07","92","54936500","804999987200","2024-06-07 11:33:13+00","1"
"MEJA.JK","2024-06-07","145","66309000","278037495808","2024-06-07 11:33:13+00","1"
"MHKI.JK","2024-06-07","102","13855700","382500012032","2024-06-07 11:33:13+00","1"
"TOSK.JK","2024-06-07","60","251676200","262500007936","2024-06-07 11:33:13+00","1"
"ATLA.JK","2024-06-07","50","941288500","309974990848","2024-06-07 11:33:13+00","1"
"LIVE.JK","2024-06-07","252","25222100","1157438504960","2024-06-07 11:33:13+00","1"
"BAIK.JK","2024-06-07","69","941700","77624991744","2024-06-07 11:33:13+00","1"
"MKAP.JK","2024-06-07","414","21271700","1345499955200","2024-06-07 11:33:13+00","1"
"AREA.JK","2024-06-07","140","34355900","355543973888","2024-06-07 11:33:13+00","1"
"DATA.JK","2024-06-07","312","2205200","429000032256","2024-06-07 11:33:13+00","1"
"NSSS.JK","2024-06-07","186","11843500","4427041734656","2024-06-07 11:33:49+00","1"
"HEAL.JK","2024-06-07","1305","6733900","19431451262976","2024-06-07 11:33:49+00","1"
"IMAS.JK","2024-06-07","1300","99400","5192576663552","2024-06-07 11:33:49+00","1"
"JATI.JK","2024-06-07","50","1800","163126001664","2024-06-07 11:33:49+00","1"
"PGEO.JK","2024-06-07","1180","6015200","48964099375104","2024-06-07 11:33:49+00","1"
"PMJS.JK","2024-06-07","129","400","1774472396800","2024-06-07 11:33:49+00","1"
"APEX.JK","2024-06-07","132","46230800","387239149568","2024-06-07 11:33:49+00","1"
"BIRD.JK","2024-06-07","1515","1426000","3790681407488","2024-06-07 11:33:49+00","1"
"PNIN.JK","2024-06-07","900","204000","3661487931392","2024-06-07 11:33:49+00","1"
"RUNS.JK","2024-06-07","54","40600","52870483968","2024-06-07 11:33:49+00","1"
"PNBN.JK","2024-06-07","1200","2071200","28897800355840","2024-06-07 11:33:49+00","1"
"BBYB.JK","2024-06-07","240","16755900","2889312108544","2024-06-07 11:33:49+00","1"
"JAYA.JK","2024-06-07","87","465100","69469413376","2024-06-07 11:33:49+00","1"
"PTBA.JK","2024-06-07","2530","7711700","29062617628672","2024-06-07 11:33:49+00","1"
"ADMR.JK","2024-06-07","1330","16721500","54373455495168","2024-06-07 11:33:49+00","1"
"JGLE.JK","2024-06-07","5","465600","112909500416","2024-06-07 11:33:49+00","1"
"BABP.JK","2024-06-07","50","731200","2222949924864","2024-06-07 11:33:49+00","1"
"SAME.JK","2024-06-07","260","390400","4458245783552","2024-06-07 11:33:49+00","1"
"ASRI.JK","2024-06-07","137","1897200","2691968008192","2024-06-07 11:33:49+00","1"
"JKON.JK","2024-06-07","86","2121500","1402531086336","2024-06-07 11:33:49+00","1"
"SAMF.JK","2024-06-07","680","63500","3485000007680","2024-06-07 11:33:49+00","1"
"BBMD.JK","2024-06-07","1950","100","7852786188288","2024-06-07 11:33:49+00","1"
"ABBA.JK","2024-06-07","24","409400","94461362176","2024-06-07 11:33:49+00","1"
"ADMF.JK","2024-06-07","12100","82100","12099999760384","2024-06-07 11:33:49+00","1"
"BEST.JK","2024-06-07","106","9164400","1022614831104","2024-06-07 11:33:49+00","1"
"BJTM.JK","2024-06-07","535","6375300","8033292255232","2024-06-07 11:33:49+00","1"
"BLTA.JK","2024-06-07","15","343100","388638015488","2024-06-07 11:33:49+00","1"
"BMTR.JK","2024-06-07","236","63904500","3859189858304","2024-06-07 11:33:49+00","1"
"ADMG.JK","2024-06-07","119","429900","462812413952","2024-06-07 11:33:49+00","1"
"DWGL.JK","2024-06-07","98","15400","906776346624","2024-06-07 11:33:49+00","1"
"SAPX.JK","2024-06-07","1535","1052400","1279166119936","2024-06-07 11:33:49+00","1"
"BSDE.JK","2024-06-07","950","4803100","19867730182144","2024-06-07 11:33:49+00","1"
"BTPS.JK","2024-06-07","1130","4406300","8704480509952","2024-06-07 11:33:49+00","1"
"AGRS.JK","2024-06-07","53","946500","2001438900224","2024-06-07 11:33:49+00","1"
"AGRO.JK","2024-06-07","242","4459500","5987200663552","2024-06-07 11:33:49+00","1"
"SATU.JK","2024-06-07","165","55548500","226875015168","2024-06-07 11:33:49+00","1"
"SBAT.JK","2024-06-07","2","1071100","9505959936","2024-06-07 11:33:49+00","1"
"SBMA.JK","2024-06-07","164","11040800","152507858944","2024-06-07 11:33:49+00","1"
"JTPE.JK","2024-06-07","266","18011400","1822645288960","2024-06-07 11:33:49+00","1"
"SCCO.JK","2024-06-07","2090","12600","1718678061056","2024-06-07 11:33:49+00","1"
"EAST.JK","2024-06-07","128","81100","528180477952","2024-06-07 11:33:49+00","1"
"SCNP.JK","2024-06-07","170","20300","425000009728","2024-06-07 11:33:49+00","1"
"NFCX.JK","2024-06-07","1325","41300","877695926272","2024-06-07 11:33:49+00","1"
"EMDE.JK","2024-06-07","83","700","278050013184","2024-06-07 11:33:49+00","1"
"BINO.JK","2024-06-07","137","68700","297977741312","2024-06-07 11:33:49+00","1"
"CARE.JK","2024-06-07","81","2527600","2693250154496","2024-06-07 11:33:49+00","1"
"KBAG.JK","2024-06-07","10","2361300","71500005376","2024-06-07 11:33:49+00","1"
"KAEF.JK","2024-06-07","595","3833200","3312085368832","2024-06-07 11:33:49+00","1"
"CNMA.JK","2024-06-07","208","297100","17335759929344","2024-06-07 11:33:49+00","1"
"KBLM.JK","2024-06-07","246","300","275519995904","2024-06-07 11:33:49+00","1"
"BIPI.JK","2024-06-07","66","79429100","4204873121792","2024-06-07 11:33:49+00","1"
"ERAA.JK","2024-06-07","412","16076900","6502801735680","2024-06-07 11:33:49+00","1"
"CTRA.JK","2024-06-07","1145","7115300","21223377469440","2024-06-07 11:33:49+00","1"
"SDMU.JK","2024-06-07","18","549500","20433958912","2024-06-07 11:33:49+00","1"
"SDPC.JK","2024-06-07","134","209400","170716004352","2024-06-07 11:33:49+00","1"
"SDRA.JK","2024-06-07","496","2114900","7214469218304","2024-06-07 11:33:49+00","1"
"DRMA.JK","2024-06-07","905","717600","4258821570560","2024-06-07 11:33:49+00","1"
"ELPI.JK","2024-06-07","290","1590300","2149479874560","2024-06-07 11:33:49+00","1"
"SEMA.JK","2024-06-07","108","466400","145504075776","2024-06-07 11:33:49+00","1"
"AHAP.JK","2024-06-07","93","3378400","455699988480","2024-06-07 11:33:49+00","1"
"AISA.JK","2024-06-07","119","1420400","452880695296","2024-06-07 11:33:49+00","1"
"AKKU.JK","2024-06-07","9","42800","58045140992","2024-06-07 11:33:49+00","1"
"SHID.JK","2024-06-07","975","25200","1091346825216","2024-06-07 11:33:49+00","1"
"MDRN.JK","2024-06-07","5","11200","38160850944","2024-06-07 11:33:49+00","1"
"SINI.JK","2024-06-07","710","100","341509996544","2024-06-07 11:33:49+00","1"
"SIPD.JK","2024-06-07","980","77800","1802317987840","2024-06-07 11:33:49+00","1"
"BKDP.JK","2024-06-07","50","100100","375699505152","2024-06-07 11:33:49+00","1"
"KEJU.JK","2024-06-07","1265","37800","1897499983872","2024-06-07 11:33:49+00","1"
"KIAS.JK","2024-06-07","11","37700","164220092416","2024-06-07 11:33:49+00","1"
"BLTZ.JK","2024-06-07","1830","2600","1599304761344","2024-06-07 11:33:49+00","1"
"JSMR.JK","2024-06-07","5175","3592600","37559476420608","2024-06-07 11:33:49+00","1"
"KOPI.JK","2024-06-07","302","1800","210574639104","2024-06-07 11:33:49+00","1"
"BLUE.JK","2024-06-07","336","104200","140448006144","2024-06-07 11:33:49+00","1"
"KICI.JK","2024-06-07","124","718300","34224001024","2024-06-07 11:33:49+00","1"
"ENRG.JK","2024-06-07","177","17391500","4393352560640","2024-06-07 11:33:49+00","1"
"FILM.JK","2024-06-07","4390","4151900","41754258571264","2024-06-07 11:33:49+00","1"
"FREN.JK","2024-06-07","28","405384900","9390863155200","2024-06-07 11:33:49+00","1"
"SKBM.JK","2024-06-07","216","900","373701607424","2024-06-07 11:33:49+00","1"
"BMRI.JK","2024-06-07","6275","99092800","585666438103040","2024-06-07 11:33:49+00","1"
"BBRI.JK","2024-06-07","4350","375439600","655940827217920","2024-06-07 11:33:49+00","1"
"GHON.JK","2024-06-07","1905","122800","1047749984256","2024-06-07 11:33:49+00","1"
"KIOS.JK","2024-06-07","50","32200","53792997376","2024-06-07 11:33:49+00","1"
"HEXA.JK","2024-06-07","6200","751100","5208000167936","2024-06-07 11:33:49+00","1"
"JAWA.JK","2024-06-07","77","35200","1249940996096","2024-06-07 11:33:49+00","1"
"KJEN.JK","2024-06-07","60","2276600","30000001024","2024-06-07 11:33:49+00","1"
"KMDS.JK","2024-06-07","478","1000","382400004096","2024-06-07 11:33:49+00","1"
"SKLT.JK","2024-06-07","130","10400","809092710400","2024-06-07 11:33:49+00","1"
"KOBX.JK","2024-06-07","124","58100","281789988864","2024-06-07 11:33:49+00","1"
"BKSL.JK","2024-06-07","31","5884000","5198978744320","2024-06-07 11:33:49+00","1"
"AKRA.JK","2024-06-07","1600","5301400","31579520892928","2024-06-07 11:33:49+00","1"
"ISSP.JK","2024-06-07","280","1553300","1978295123968","2024-06-07 11:33:49+00","1"
"BTPN.JK","2024-06-07","2330","9000","24804948180992","2024-06-07 11:33:49+00","1"
"SKRN.JK","2024-06-07","306","93800","2178108096512","2024-06-07 11:33:49+00","1"
"SLIS.JK","2024-06-07","50","696700","123166998528","2024-06-07 11:33:49+00","1"
"SMAR.JK","2024-06-07","3680","43600","10569658662912","2024-06-07 11:33:49+00","1"
"BKSW.JK","2024-06-07","53","240600","1863373946880","2024-06-07 11:33:49+00","1"
"JMAS.JK","2024-06-07","54","1141100","54000001024","2024-06-07 11:33:49+00","1"
"BISI.JK","2024-06-07","1770","25900","5309999874048","2024-06-07 11:33:49+00","1"
"ESTA.JK","2024-06-07","103","296500","249811042304","2024-06-07 11:33:49+00","1"
"FAST.JK","2024-06-07","555","28200","2212823826432","2024-06-07 11:33:49+00","1"
"PZZA.JK","2024-06-07","240","134500","721317593088","2024-06-07 11:33:49+00","1"
"SIMP.JK","2024-06-07","362","1305800","5611470716928","2024-06-07 11:33:49+00","1"
"ALDO.JK","2024-06-07","850","12200","1147806023680","2024-06-07 11:33:49+00","1"
"BBKP.JK","2024-06-07","50","65728700","9394400002048","2024-06-07 11:33:49+00","1"
"ASDM.JK","2024-06-07","510","133800","195840000000","2024-06-07 11:33:49+00","1"
"CASA.JK","2024-06-07","488","405900","26584434081792","2024-06-07 11:33:49+00","1"
"RMKE.JK","2024-06-07","535","3128100","2340625055744","2024-06-07 11:33:49+00","1"
"SNLK.JK","2024-06-07","690","4889400","310499999744","2024-06-07 11:33:49+00","1"
"SOCI.JK","2024-06-07","163","853000","1150616993792","2024-06-07 11:33:49+00","1"
"ACST.JK","2024-06-07","107","1754800","1356246417408","2024-06-07 11:33:49+00","1"
"KKGI.JK","2024-06-07","476","1190700","2221848920064","2024-06-07 11:33:49+00","1"
"SCMA.JK","2024-06-07","137","15899800","8681607921664","2024-06-07 11:33:49+00","1"
"ESTI.JK","2024-06-07","25","100","50380251136","2024-06-07 11:33:49+00","1"
"SOSS.JK","2024-06-07","452","9000","361335128064","2024-06-07 11:33:49+00","1"
"SGRO.JK","2024-06-07","1990","56300","3619053895680","2024-06-07 11:33:49+00","1"
"SILO.JK","2024-06-07","2550","2227400","33104611770368","2024-06-07 11:33:49+00","1"
"SMBR.JK","2024-06-07","224","10326900","2224886644736","2024-06-07 11:33:49+00","1"
"SMDR.JK","2024-06-07","292","30658600","4781675380736","2024-06-07 11:33:49+00","1"
"SOFA.JK","2024-06-07","15","270600","24803551232","2024-06-07 11:33:49+00","1"
"BMBL.JK","2024-06-07","6","14395200","6180480000","2024-06-07 11:33:49+00","1"
"BMHS.JK","2024-06-07","306","280500","2632646393856","2024-06-07 11:33:49+00","1"
"SMIL.JK","2024-06-07","163","194529400","1426266390528","2024-06-07 11:33:49+00","1"
"SMKL.JK","2024-06-07","189","21700","646019022848","2024-06-07 11:33:49+00","1"
"KIJA.JK","2024-06-07","117","111905500","2402290761728","2024-06-07 11:33:49+00","1"
"ENZO.JK","2024-06-07","23","78200","49738649600","2024-06-07 11:33:49+00","1"
"CHEM.JK","2024-06-07","77","759000","130902302720","2024-06-07 11:33:49+00","1"
"EPAC.JK","2024-06-07","6","66100","19820400640","2024-06-07 11:33:49+00","1"
"BBSI.JK","2024-06-07","3720","7000","13669958156288","2024-06-07 11:33:49+00","1"
"LPCK.JK","2024-06-07","590","4700","1580964118528","2024-06-07 11:33:49+00","1"
"CUAN.JK","2024-06-07","7800","5612200","87686824067072","2024-06-07 11:33:49+00","1"
"PWON.JK","2024-06-07","408","23587800","19649116766208","2024-06-07 11:33:49+00","1"
"SMKM.JK","2024-06-07","46","721400","57637998592","2024-06-07 11:33:49+00","1"
"BNLI.JK","2024-06-07","890","39500","32201355821056","2024-06-07 11:33:49+00","1"
"ESIP.JK","2024-06-07","18","447700","19979100160","2024-06-07 11:33:49+00","1"
"BOLA.JK","2024-06-07","91","843700","546000011264","2024-06-07 11:33:49+00","1"
"BUMI.JK","2024-06-07","81","196053300","30077001662464","2024-06-07 11:33:49+00","1"
"SMGR.JK","2024-06-07","4010","58719100","27073676574720","2024-06-07 11:33:49+00","1"
"HBAT.JK","2024-06-07","37","106800","38507380736","2024-06-07 11:33:49+00","1"
"KPIG.JK","2024-06-07","50","2555300","4877854965760","2024-06-07 11:38:46+00","1"
"SPMA.JK","2024-06-07","296","69600","933610651648","2024-06-07 11:38:46+00","1"
"FIMP.JK","2024-06-07","44","21300","17600043008","2024-06-07 11:38:46+00","1"
"SPTO.JK","2024-06-07","525","1117700","1417500033024","2024-06-07 11:38:46+00","1"
"STAA.JK","2024-06-07","740","1775300","8068516544512","2024-06-07 11:38:46+00","1"
"KRAS.JK","2024-06-07","97","19829500","1876600684544","2024-06-07 11:38:46+00","1"
"TARA.JK","2024-06-07","5","88300","50347999232","2024-06-07 11:38:46+00","1"
"FIRE.JK","2024-06-07","87","9603300","128356319232","2024-06-07 11:38:46+00","1"
"KUAS.JK","2024-06-07","50","1120900","64640499712","2024-06-07 11:38:46+00","1"
"TBLA.JK","2024-06-07","675","1017500","4067124838400","2024-06-07 11:38:46+00","1"
"SQMI.JK","2024-06-07","50","1000900","776879996928","2024-06-07 11:38:46+00","1"
"MKPI.JK","2024-06-07","27000","19600","25601236795392","2024-06-07 11:38:46+00","1"
"SRSN.JK","2024-06-07","50","842100","300999999488","2024-06-07 11:38:46+00","1"
"AMIN.JK","2024-06-07","152","1200","164159995904","2024-06-07 11:38:46+00","1"
"AMMN.JK","2024-06-07","11625","23451000","843024032595968","2024-06-07 11:38:46+00","1"
"SMMT.JK","2024-06-07","750","47600","2362500186112","2024-06-07 11:38:46+00","1"
"ABMM.JK","2024-06-07","3560","826100","9801285238784","2024-06-07 11:38:46+00","1"
"BULL.JK","2024-06-07","149","334265100","2103552245760","2024-06-07 11:38:46+00","1"
"BOLT.JK","2024-06-07","905","233200","2121093611520","2024-06-07 11:38:46+00","1"
"CANI.JK","2024-06-07","46","513200","38338240512","2024-06-07 11:38:46+00","1"
"LPKR.JK","2024-06-07","68","15820900","4819656376320","2024-06-07 11:38:46+00","1"
"APLI.JK","2024-06-07","605","150900","824415289344","2024-06-07 11:38:46+00","1"
"TEBE.JK","2024-06-07","710","540100","912349986816","2024-06-07 11:38:46+00","1"
"TIFA.JK","2024-06-07","370","100","1314317664256","2024-06-07 11:38:46+00","1"
"TIRT.JK","2024-06-07","27","200","27317788672","2024-06-07 11:38:46+00","1"
"TMPO.JK","2024-06-07","73","11100","77258088448","2024-06-07 11:38:46+00","1"
"TNCA.JK","2024-06-07","159","155700","67040759808","2024-06-07 11:38:46+00","1"
"BUKK.JK","2024-06-07","1005","5700","2653652254720","2024-06-07 11:38:46+00","1"
"TRIS.JK","2024-06-07","176","170800","548551524352","2024-06-07 11:38:46+00","1"
"DPNS.JK","2024-06-07","386","3900","127816171520","2024-06-07 11:38:46+00","1"
"GTSI.JK","2024-06-07","28","3852500","442934820864","2024-06-07 11:38:46+00","1"
"DUTI.JK","2024-06-07","4000","300","7400000061440","2024-06-07 11:38:46+00","1"
"HADE.JK","2024-06-07","3","80300","6360000000","2024-06-07 11:38:46+00","1"
"NANO.JK","2024-06-07","13","805700","55707860992","2024-06-07 11:38:46+00","1"
"LMAX.JK","2024-06-07","16","2496100","10400096256","2024-06-07 11:38:46+00","1"
"BAJA.JK","2024-06-07","93","300100","167399997440","2024-06-07 11:38:46+00","1"
"HILL.JK","2024-06-07","2860","2861200","8432138059776","2024-06-07 11:38:46+00","1"
"RAFI.JK","2024-06-07","28","321100","87586521088","2024-06-07 11:38:46+00","1"
"MAHA.JK","2024-06-07","230","44255300","3833180192768","2024-06-07 11:38:46+00","1"
"SMDM.JK","2024-06-07","172","267800","820808056832","2024-06-07 11:38:46+00","1"
"INTD.JK","2024-06-07","119","895000","70427525120","2024-06-07 11:38:46+00","1"
"TIRA.JK","2024-06-07","414","22500","243431997440","2024-06-07 11:38:46+00","1"
"UNVR.JK","2024-06-07","3010","18546500","114831503917056","2024-06-07 11:38:46+00","1"
"VTNY.JK","2024-06-07","154","32094000","964839211008","2024-06-07 11:38:46+00","1"
"WAPO.JK","2024-06-07","125","983800","155115012096","2024-06-07 11:38:46+00","1"
"WINS.JK","2024-06-07","480","846700","2094883274752","2024-06-07 11:38:46+00","1"
"HITS.JK","2024-06-07","364","4100","2584793055232","2024-06-07 11:38:46+00","1"
"WMUU.JK","2024-06-07","8","3992100","103529603072","2024-06-07 11:38:46+00","1"
"GOTO.JK","2024-06-07","58","2112800200","62092480610304","2024-06-07 11:38:46+00","1"
"CTTH.JK","2024-06-07","13","45500","16000920576","2024-06-07 11:38:46+00","1"
"ZINC.JK","2024-06-07","15","5927300","378750009344","2024-06-07 11:38:46+00","1"
"TOTL.JK","2024-06-07","510","4246500","1739099996160","2024-06-07 11:38:46+00","1"
"ASLC.JK","2024-06-07","83","9388900","1057951186944","2024-06-07 11:38:46+00","1"
"HRTA.JK","2024-06-07","360","2253900","1657893552128","2024-06-07 11:38:46+00","1"
"HOKI.JK","2024-06-07","157","4531100","1519406809088","2024-06-07 11:38:46+00","1"
"KMTR.JK","2024-06-07","238","12300","1955258171392","2024-06-07 11:38:46+00","1"
"IMPC.JK","2024-06-07","358","3014900","19428123082752","2024-06-07 11:38:46+00","1"
"JIHD.JK","2024-06-07","344","600","801189724160","2024-06-07 11:38:46+00","1"
"GMFI.JK","2024-06-07","54","249200","1524609056768","2024-06-07 11:38:46+00","1"
"RGAS.JK","2024-06-07","98","18578800","143002583040","2024-06-07 11:38:46+00","1"
"IDPR.JK","2024-06-07","138","51000","276414005248","2024-06-07 11:38:46+00","1"
"TBMS.JK","2024-06-07","845","42700","620804571136","2024-06-07 11:38:46+00","1"
"MARK.JK","2024-06-07","880","23342600","3344000090112","2024-06-07 11:38:46+00","1"
"MBMA.JK","2024-06-07","590","95734800","63717047795712","2024-06-07 11:38:46+00","1"
"MDKA.JK","2024-06-07","2500","21641300","61017002344448","2024-06-07 11:38:46+00","1"
"CMNT.JK","2024-06-07","1110","35099600","19009305051136","2024-06-07 11:38:46+00","1"
"NICL.JK","2024-06-07","192","25319800","2042035175424","2024-06-07 11:38:46+00","1"
"CMRY.JK","2024-06-07","4910","801000","38959279243264","2024-06-07 11:38:46+00","1"
"INKP.JK","2024-06-07","9300","2980900","50880116162560","2024-06-07 11:38:46+00","1"
"KOTA.JK","2024-06-07","11","21897200","116008198144","2024-06-07 11:38:46+00","1"
"TBIG.JK","2024-06-07","1910","1930700","43235716104192","2024-06-07 11:38:46+00","1"
"ASHA.JK","2024-06-07","28","98000","140000002048","2024-06-07 11:38:46+00","1"
"MKNT.JK","2024-06-07","2","2058000","11000000512","2024-06-07 11:38:46+00","1"
"MPRO.JK","2024-06-07","1440","1600","14317200080896","2024-06-07 11:38:46+00","1"
"MTSM.JK","2024-06-07","68","67500","15833663488","2024-06-07 11:38:46+00","1"
"AVIA.JK","2024-06-07","550","19965200","34055395475456","2024-06-07 11:38:46+00","1"
"TCPI.JK","2024-06-07","7400","10579700","36999998210048","2024-06-07 11:38:46+00","1"
"MTWI.JK","2024-06-07","153","4412500","447446974464","2024-06-07 11:38:46+00","1"
"NICK.JK","2024-06-07","300","23200","195345006592","2024-06-07 11:38:46+00","1"
"ARTA.JK","2024-06-07","2570","128100","1147952168960","2024-06-07 11:38:46+00","1"
"BACA.JK","2024-06-07","131","714700","2613843066880","2024-06-07 11:38:46+00","1"
"BALI.JK","2024-06-07","1055","45000","4150992306176","2024-06-07 11:38:46+00","1"
"NRCA.JK","2024-06-07","336","226400","812138889216","2024-06-07 11:38:46+00","1"
"TOWR.JK","2024-06-07","725","56738200","36104275230720","2024-06-07 11:38:46+00","1"
"TPIA.JK","2024-06-07","8500","22905300","735347793199104","2024-06-07 11:38:46+00","1"
"NTBK.JK","2024-06-07","50","109800","135002996736","2024-06-07 11:38:46+00","1"
"BBRM.JK","2024-06-07","63","869800","534207856640","2024-06-07 11:38:46+00","1"
"NZIA.JK","2024-06-07","50","9400","109877002240","2024-06-07 11:38:46+00","1"
"AGII.JK","2024-06-07","1750","30100","5366654959616","2024-06-07 11:38:46+00","1"
"TOTO.JK","2024-06-07","210","126100","2167200022528","2024-06-07 11:38:46+00","1"
"PALM.JK","2024-06-07","388","170700","6120234549248","2024-06-07 11:38:46+00","1"
"PAMG.JK","2024-06-07","61","332800","190624989184","2024-06-07 11:38:46+00","1"
"PANR.JK","2024-06-07","406","750300","563325042688","2024-06-07 11:38:46+00","1"
"BNBA.JK","2024-06-07","590","448900","1998919958528","2024-06-07 11:38:46+00","1"
"MCAS.JK","2024-06-07","900","18900","781139705856","2024-06-07 11:38:46+00","1"
"PBSA.JK","2024-06-07","298","824300","893999972352","2024-06-07 11:38:46+00","1"
"PBID.JK","2024-06-07","448","1858500","3360000049152","2024-06-07 11:38:46+00","1"
"PEGE.JK","2024-06-07","122","41542500","345677234176","2024-06-07 11:38:46+00","1"
"PGAS.JK","2024-06-07","1590","71486800","38543984427008","2024-06-07 11:38:46+00","1"
"BAYU.JK","2024-06-07","1360","279500","480380551168","2024-06-07 11:38:46+00","1"
"PNLF.JK","2024-06-07","344","56409700","11015602307072","2024-06-07 11:38:46+00","1"
"TRIM.JK","2024-06-07","256","513500","1819980857344","2024-06-07 11:38:46+00","1"
"MCOL.JK","2024-06-07","5350","249100","19022246576128","2024-06-07 11:38:46+00","1"
"DILD.JK","2024-06-07","173","1901100","1793300627456","2024-06-07 11:38:46+00","1"
"PSAB.JK","2024-06-07","161","65259800","4260059938816","2024-06-07 11:38:46+00","1"
"PSSI.JK","2024-06-07","414","251100","2168445206528","2024-06-07 11:38:46+00","1"
"MERK.JK","2024-06-07","3920","240600","1756160065536","2024-06-07 11:38:46+00","1"
"PTDU.JK","2024-06-07","10","30600","15000000512","2024-06-07 11:38:46+00","1"
"BEEF.JK","2024-06-07","202","174200","1420336824320","2024-06-07 11:38:46+00","1"
"SAGE.JK","2024-06-07","28","355400","224931282944","2024-06-07 11:38:46+00","1"
"SOHO.JK","2024-06-07","690","321700","8757272641536","2024-06-07 11:38:46+00","1"
"MGLV.JK","2024-06-07","63","62300","120007442432","2024-06-07 11:38:46+00","1"
"CAKK.JK","2024-06-07","148","1085200","178088394752","2024-06-07 11:38:46+00","1"
"AKSI.JK","2024-06-07","121","31168600","87120003072","2024-06-07 11:38:46+00","1"
"MFIN.JK","2024-06-07","3140","886200","8320999489536","2024-06-07 11:38:46+00","1"
"TFCO.JK","2024-06-07","635","4900","3062655877120","2024-06-07 11:38:46+00","1"
"SMMA.JK","2024-06-07","14600","1700","92967838679040","2024-06-07 11:38:46+00","1"
"ASMI.JK","2024-06-07","10","2034700","89583796224","2024-06-07 11:38:46+00","1"
"OMED.JK","2024-06-07","198","374400","5357642448896","2024-06-07 11:38:46+00","1"
"TRST.JK","2024-06-07","480","27400","1347839983616","2024-06-07 11:38:46+00","1"
"BBSS.JK","2024-06-07","114","26100","547202269184","2024-06-07 11:38:46+00","1"
"TGRA.JK","2024-06-07","10","261500","27500001280","2024-06-07 11:38:46+00","1"
"UNTR.JK","2024-06-07","22800","4005700","82805266579456","2024-06-07 11:38:46+00","1"
"CMPP.JK","2024-06-07","60","53700","641105985536","2024-06-07 11:43:46+00","1"
"WEGE.JK","2024-06-07","66","1801400","631751966720","2024-06-07 11:43:46+00","1"
"LFLO.JK","2024-06-07","51","20900","66694234112","2024-06-07 11:43:46+00","1"
"WOOD.JK","2024-06-07","202","20589000","1265319936000","2024-06-07 11:43:46+00","1"
"BUKA.JK","2024-06-07","132","162634700","13610388553728","2024-06-07 11:43:46+00","1"
"MLBI.JK","2024-06-07","6150","97800","12958050549760","2024-06-07 11:43:46+00","1"
"MIDI.JK","2024-06-07","406","5454500","13574731726848","2024-06-07 11:43:46+00","1"
"PANI.JK","2024-06-07","5000","2622800","78135999594496","2024-06-07 11:43:46+00","1"
"PRDA.JK","2024-06-07","3050","134300","2859375001600","2024-06-07 11:43:46+00","1"
"RALS.JK","2024-06-07","430","7083500","2550441705472","2024-06-07 11:43:46+00","1"
"SMRA.JK","2024-06-07","520","23819400","8584472035328","2024-06-07 11:43:46+00","1"
"DSSA.JK","2024-06-07","196000","154400","120823604051968","2024-06-07 11:43:46+00","1"
"SMSM.JK","2024-06-07","1760","2252700","10135276617728","2024-06-07 11:43:46+00","1"
"SRTG.JK","2024-06-07","1495","13853700","20237068009472","2024-06-07 11:43:46+00","1"
"SSIA.JK","2024-06-07","1160","27946400","5284147757056","2024-06-07 11:43:46+00","1"
"TINS.JK","2024-06-07","855","40387400","6367826411520","2024-06-07 11:43:46+00","1"
"SMLE.JK","2024-06-07","50","3149700","116406001664","2024-06-07 11:43:46+00","1"
"DMAS.JK","2024-06-07","166","35780900","8000884441088","2024-06-07 11:43:46+00","1"
"IKAI.JK","2024-06-07","7","9502600","93140598784","2024-06-07 11:43:46+00","1"
"TRUK.JK","2024-06-07","73","144000","31754999808","2024-06-07 11:43:46+00","1"
"TYRE.JK","2024-06-07","141","318800","490403659776","2024-06-07 11:43:46+00","1"
"UANG.JK","2024-06-07","510","6300","617100017664","2024-06-07 11:43:46+00","1"
"TUGU.JK","2024-06-07","1045","1284500","3715581083648","2024-06-07 11:43:46+00","1"
"UNIC.JK","2024-06-07","8000","10300","3066648068096","2024-06-07 11:43:46+00","1"
"URBN.JK","2024-06-07","122","100","380591210496","2024-06-07 11:43:46+00","1"
"UVCR.JK","2024-06-07","76","21057100","152010637312","2024-06-07 11:43:46+00","1"
"VAST.JK","2024-06-07","80","5268500","244456800256","2024-06-07 11:43:46+00","1"
"VICI.JK","2024-06-07","635","31600","4259579953152","2024-06-07 11:43:46+00","1"
"VICO.JK","2024-06-07","96","86800","1460841611264","2024-06-07 11:43:46+00","1"
"VOKS.JK","2024-06-07","180","20400","748007981056","2024-06-07 11:43:46+00","1"
"VRNA.JK","2024-06-07","87","1065100","494799421440","2024-06-07 11:43:46+00","1"
"DLTA.JK","2024-06-07","2970","46600","2377957244928","2024-06-07 11:43:46+00","1"
"DNET.JK","2024-06-07","4970","1400","70494481022976","2024-06-07 11:43:46+00","1"
"WEHA.JK","2024-06-07","107","431600","156278849536","2024-06-07 11:43:46+00","1"
"WGSH.JK","2024-06-07","61","479000","63592497152","2024-06-07 11:43:46+00","1"
"WICO.JK","2024-06-07","123","200","294426345472","2024-06-07 11:43:46+00","1"
"WIFI.JK","2024-06-07","167","163572200","394013114368","2024-06-07 11:43:46+00","1"
"WIIM.JK","2024-06-07","1020","2251300","2117285445632","2024-06-07 11:43:46+00","1"
"ECII.JK","2024-06-07","244","1300","296430731264","2024-06-07 11:43:46+00","1"
"TLKM.JK","2024-06-07","3050","67191100","302139708538880","2024-06-07 11:43:46+00","1"
"WOWS.JK","2024-06-07","18","8776300","44562960384","2024-06-07 11:43:46+00","1"
"ULTJ.JK","2024-06-07","1865","10786300","19392643465216","2024-06-07 11:43:46+00","1"
"YELO.JK","2024-06-07","10","543500","19127701504","2024-06-07 11:43:46+00","1"
"WSBP.JK","2024-06-07","11","10958300","579814424576","2024-06-07 11:43:46+00","1"
"AMRT.JK","2024-06-07","2760","12898900","114607611969536","2024-06-07 11:43:46+00","1"
"ZONE.JK","2024-06-07","1090","30100","948486406144","2024-06-07 11:43:46+00","1"
"POLU.JK","2024-06-07","428","7600","321000013824","2024-06-07 11:43:46+00","1"
"YPAS.JK","2024-06-07","226","200","150967992320","2024-06-07 11:43:46+00","1"
"BBNI.JK","2024-06-07","4700","45575300","175063705845760","2024-06-07 11:43:46+00","1"
"IPCC.JK","2024-06-07","680","1301800","1236498382848","2024-06-07 11:43:46+00","1"
"GEMA.JK","2024-06-07","274","13500","438399991808","2024-06-07 11:43:46+00","1"
"MBSS.JK","2024-06-07","1130","87000","1977533857792","2024-06-07 11:43:46+00","1"
"MLPL.JK","2024-06-07","54","9686700","846844198912","2024-06-07 11:43:46+00","1"
"HDFA.JK","2024-06-07","89","5000","582278053888","2024-06-07 11:43:46+00","1"
"INPC.JK","2024-06-07","61","1166300","1233627381760","2024-06-07 11:43:46+00","1"
"IPOL.JK","2024-06-07","143","136800","921403392000","2024-06-07 11:43:46+00","1"
"KEEN.JK","2024-06-07","720","303900","2639743156224","2024-06-07 11:43:46+00","1"
"IKPM.JK","2024-06-07","224","2415100","377363824640","2024-06-07 11:43:46+00","1"
"UDNG.JK","2024-06-07","88","1428500","154000883712","2024-06-07 11:43:46+00","1"
"MTPS.JK","2024-06-07","10","56000","20848500736","2024-06-07 11:43:46+00","1"
"INCF.JK","2024-06-07","11","381400","15822070784","2024-06-07 11:43:46+00","1"
"INDO.JK","2024-06-07","102","598800","447049662464","2024-06-07 11:43:46+00","1"
"JRPT.JK","2024-06-07","665","555500","8585614983168","2024-06-07 11:43:46+00","1"
"MLPT.JK","2024-06-07","1230","7200","2306250113024","2024-06-07 11:43:46+00","1"
"MIKA.JK","2024-06-07","3040","12132500","42278798229504","2024-06-07 11:43:46+00","1"
"MNCN.JK","2024-06-07","328","71769400","4338521735168","2024-06-07 11:43:46+00","1"
"MPPA.JK","2024-06-07","50","367200","648329953280","2024-06-07 11:43:46+00","1"
"MTMH.JK","2024-06-07","1180","5902200","2440865513472","2024-06-07 11:43:46+00","1"
"PORT.JK","2024-06-07","705","16000","1983827673088","2024-06-07 11:43:46+00","1"
"SRAJ.JK","2024-06-07","2100","2729900","25201471389696","2024-06-07 11:43:46+00","1"
"SURE.JK","2024-06-07","2520","16000","3773901570048","2024-06-07 11:43:46+00","1"
"TMAS.JK","2024-06-07","154","6480700","8757810561024","2024-06-07 11:43:46+00","1"
"WTON.JK","2024-06-07","68","9762500","592651943936","2024-06-07 11:43:46+00","1"
"BFIN.JK","2024-06-07","980","7018500","14738612289536","2024-06-07 11:43:46+00","1"
"BNII.JK","2024-06-07","224","615500","17072204546048","2024-06-07 11:43:46+00","1"
"DEWA.JK","2024-06-07","59","16163000","1289368371200","2024-06-07 11:43:46+00","1"
"DKFT.JK","2024-06-07","101","3752300","556862472192","2024-06-07 11:43:46+00","1"
"DPUM.JK","2024-06-07","16","296300","66632638464","2024-06-07 11:43:46+00","1"
"DYAN.JK","2024-06-07","80","8467200","341836791808","2024-06-07 11:43:46+00","1"
"ELTY.JK","2024-06-07","7","12664900","304653303808","2024-06-07 11:43:46+00","1"
"IBST.JK","2024-06-07","5300","300","7159769726976","2024-06-07 11:43:46+00","1"
"KINO.JK","2024-06-07","1400","14100","1930347937792","2024-06-07 11:43:46+00","1"
"INCO.JK","2024-06-07","4450","15452300","44216713478144","2024-06-07 11:43:46+00","1"
"GIAA.JK","2024-06-07","53","8611400","1371989737472","2024-06-07 11:43:46+00","1"
"GJTL.JK","2024-06-07","1070","2271400","3728318922752","2024-06-07 11:43:46+00","1"
"ITMA.JK","2024-06-07","885","8952400","884161904640","2024-06-07 11:43:46+00","1"
"JPFA.JK","2024-06-07","1360","18439500","12645824462848","2024-06-07 11:43:46+00","1"
"KBLI.JK","2024-06-07","380","527600","1522751111168","2024-06-07 11:43:46+00","1"
"KLBF.JK","2024-06-07","1600","68422100","74008955453440","2024-06-07 11:43:46+00","1"
"MAPA.JK","2024-06-07","850","17959500","24228401250304","2024-06-07 11:43:46+00","1"
"MYTX.JK","2024-06-07","51","300","395111268352","2024-06-07 11:43:46+00","1"
"MTDL.JK","2024-06-07","580","7405100","7120601743360","2024-06-07 11:43:46+00","1"
"PANS.JK","2024-06-07","1685","64600","1198757904384","2024-06-07 11:43:46+00","1"
"PBRX.JK","2024-06-07","17","7486200","365194018816","2024-06-07 11:43:46+00","1"
"SAFE.JK","2024-06-07","238","375600","146404507648","2024-06-07 11:43:46+00","1"
"POLL.JK","2024-06-07","119","33000","989939564544","2024-06-07 11:43:46+00","1"
"UNSP.JK","2024-06-07","85","8200","212513603584","2024-06-07 11:43:46+00","1"
"UCID.JK","2024-06-07","870","1767100","3604679753728","2024-06-07 11:43:46+00","1"
"EPMT.JK","2024-06-07","2290","3200","6202785792000","2024-06-07 11:43:46+00","1"
"AKPI.JK","2024-06-07","620","2900","379593752576","2024-06-07 11:43:46+00","1"
"ALMI.JK","2024-06-07","57","12100","217512001536","2024-06-07 11:43:46+00","1"
"ANTM.JK","2024-06-07","1300","77512800","31240040218624","2024-06-07 11:43:46+00","1"
"BJBR.JK","2024-06-07","985","1180900","10363578875904","2024-06-07 11:43:46+00","1"
"BRAM.JK","2024-06-07","5900","1100","2655336267776","2024-06-07 11:43:46+00","1"
"BTEK.JK","2024-06-07","1","3273900","46277500928","2024-06-07 11:43:46+00","1"
"TKIM.JK","2024-06-07","8525","820700","26540200951808","2024-06-07 11:43:46+00","1"
"RSCH.JK","2024-06-07","210","658300","556499992576","2024-06-07 11:43:46+00","1"
"TELE.JK","2024-06-07","3","494300","21932789760","2024-06-07 11:43:46+00","1"
"INDF.JK","2024-06-07","6200","3728000","54438668533760","2024-06-07 11:43:46+00","1"
"HOMI.JK","2024-06-07","159","7700","250425016320","2024-06-07 11:43:46+00","1"
"EXCL.JK","2024-06-07","2230","13475400","29150335205376","2024-06-07 11:43:46+00","1"
"HAJJ.JK","2024-06-07","117","309000","267990843392","2024-06-07 11:43:46+00","1"
"KING.JK","2024-06-07","148","1539700","384801472512","2024-06-07 11:43:46+00","1"
"MUTU.JK","2024-06-07","82","1546100","257715339264","2024-06-07 11:43:46+00","1"
"ISAP.JK","2024-06-07","9","687800","36180627456","2024-06-07 11:43:46+00","1"
"GRPM.JK","2024-06-07","45","313900","69524996096","2024-06-07 11:43:46+00","1"
"PPRI.JK","2024-06-07","126","54847400","135450009600","2024-06-07 11:43:46+00","1"
"HUMI.JK","2024-06-07","77","8856800","1389580517376","2024-06-07 11:43:46+00","1"
"RELF.JK","2024-06-07","15","454700","85917147136","2024-06-07 11:43:46+00","1"
"MAXI.JK","2024-06-07","45","3267200","432452698112","2024-06-07 11:43:46+00","1"
"MENN.JK","2024-06-07","9","430200","12906450944","2024-06-07 11:43:46+00","1"
"DOOH.JK","2024-06-07","52","319557600","402353127424","2024-06-07 11:43:46+00","1"
"NPGF.JK","2024-06-07","28","442900","90726727680","2024-06-07 11:43:46+00","1"
"TAYS.JK","2024-06-07","90","540600","98902794240","2024-06-07 11:43:46+00","1"
"AMMS.JK","2024-06-07","21","127400","25201051648","2024-06-07 11:43:46+00","1"
"IOTF.JK","2024-06-07","67","148386300","354251767808","2024-06-07 11:43:46+00","1"
"PMMP.JK","2024-06-07","206","3133600","484717985792","2024-06-07 11:43:46+00","1"
"LABA.JK","2024-06-07","195","11795500","198603603968","2024-06-07 11:43:46+00","1"
"BESS.JK","2024-06-07","155","255000","533271314432","2024-06-07 11:43:46+00","1"
"GTRA.JK","2024-06-07","120","310500","227325607936","2024-06-07 11:43:46+00","1"
"TOYS.JK","2024-06-07","9","426800","12915000320","2024-06-07 11:43:46+00","1"
"ELIT.JK","2024-06-07","105","2974700","213322203136","2024-06-07 11:43:46+00","1"
"CRSN.JK","2024-06-07","102","181700","294983991296","2024-06-07 11:43:46+00","1"
"AEGS.JK","2024-06-07","24","42989100","24144240640","2024-06-07 11:43:46+00","1"
"SICO.JK","2024-06-07","93","675700","84634558464","2024-06-07 11:43:46+00","1"
"FOLK.JK","2024-06-07","56","693800","221095837696","2024-06-07 11:43:46+00","1"